id,streetname,date,hour,temperature,weather_condition,incidents,weekday,collection_type,city,n_pedestrians
Kaiserstraße_2025-10-24_17,Kaiserstraße,2025-10-24,17,9.99,rain,no_incident,Friday,measured,Wuerzburg,2054.6128
Kaiserstraße_2025-10-24_18,Kaiserstraße,2025-10-24,18,9.99,rain,no_incident,Friday,measured,Wuerzburg,1751.8739
Kaiserstraße_2025-10-24_19,Kaiserstraße,2025-10-24,19,9.99,rain,no_incident,Friday,measured,Wuerzburg,1299.5057
Kaiserstraße_2025-10-24_20,Kaiserstraße,2025-10-24,20,9.63,cloudy,no_incident,Friday,measured,Wuerzburg,777.2841
Kaiserstraße_2025-10-24_21,Kaiserstraße,2025-10-24,21,9.63,cloudy,no_incident,Friday,measured,Wuerzburg,617.5709
Kaiserstraße_2025-10-24_22,Kaiserstraße,2025-10-24,22,9.63,cloudy,no_incident,Friday,measured,Wuerzburg,530.81854
Kaiserstraße_2025-10-24_23,Kaiserstraße,2025-10-24,23,8.7,cloudy,no_incident,Friday,measured,Wuerzburg,354.06116
Kaiserstraße_2025-10-25_0,Kaiserstraße,2025-10-25,0,8.7,cloudy,no_incident,Saturday,measured,Wuerzburg,212.2685
Kaiserstraße_2025-10-25_1,Kaiserstraße,2025-10-25,1,8.7,cloudy,no_incident,Saturday,measured,Wuerzburg,127.54664
Kaiserstraße_2025-10-25_2,Kaiserstraße,2025-10-25,2,8.68,cloudy,no_incident,Saturday,measured,Wuerzburg,97.44632
Kaiserstraße_2025-10-25_3,Kaiserstraße,2025-10-25,3,8.68,cloudy,no_incident,Saturday,measured,Wuerzburg,86.254234
Kaiserstraße_2025-10-25_4,Kaiserstraße,2025-10-25,4,8.68,cloudy,no_incident,Saturday,measured,Wuerzburg,83.85641
Kaiserstraße_2025-10-25_5,Kaiserstraße,2025-10-25,5,9.05,rain,no_incident,Saturday,measured,Wuerzburg,58.634235
Kaiserstraße_2025-10-25_6,Kaiserstraße,2025-10-25,6,9.05,rain,no_incident,Saturday,measured,Wuerzburg,81.96115
Kaiserstraße_2025-10-25_7,Kaiserstraße,2025-10-25,7,9.05,rain,no_incident,Saturday,measured,Wuerzburg,147.4361
Kaiserstraße_2025-10-25_8,Kaiserstraße,2025-10-25,8,8.66,rain,no_incident,Saturday,measured,Wuerzburg,319.23584
Kaiserstraße_2025-10-25_9,Kaiserstraße,2025-10-25,9,8.66,rain,no_incident,Saturday,measured,Wuerzburg,628.06287
Kaiserstraße_2025-10-25_10,Kaiserstraße,2025-10-25,10,8.66,rain,no_incident,Saturday,measured,Wuerzburg,1273.3896
Kaiserstraße_2025-10-25_11,Kaiserstraße,2025-10-25,11,9.69,rain,no_incident,Saturday,measured,Wuerzburg,1754.5233
Kaiserstraße_2025-10-25_12,Kaiserstraße,2025-10-25,12,9.69,rain,no_incident,Saturday,measured,Wuerzburg,2382.903
Kaiserstraße_2025-10-25_13,Kaiserstraße,2025-10-25,13,9.69,rain,no_incident,Saturday,measured,Wuerzburg,2639.6895
Kaiserstraße_2025-10-25_14,Kaiserstraße,2025-10-25,14,11.47,rain,no_incident,Saturday,measured,Wuerzburg,2860.74
Kaiserstraße_2025-10-25_15,Kaiserstraße,2025-10-25,15,11.47,rain,no_incident,Saturday,measured,Wuerzburg,2917.644
Kaiserstraße_2025-10-25_16,Kaiserstraße,2025-10-25,16,11.47,rain,no_incident,Saturday,measured,Wuerzburg,2949.935
Kaiserstraße_2025-10-25_17,Kaiserstraße,2025-10-25,17,10.52,rain,no_incident,Saturday,measured,Wuerzburg,2775.4045
Kaiserstraße_2025-10-25_18,Kaiserstraße,2025-10-25,18,10.52,rain,no_incident,Saturday,measured,Wuerzburg,2296.781
Kaiserstraße_2025-10-25_19,Kaiserstraße,2025-10-25,19,10.52,rain,no_incident,Saturday,measured,Wuerzburg,1472.5044
Kaiserstraße_2025-10-25_20,Kaiserstraße,2025-10-25,20,9.63,rain,no_incident,Saturday,measured,Wuerzburg,816.6782
Kaiserstraße_2025-10-25_21,Kaiserstraße,2025-10-25,21,9.63,rain,no_incident,Saturday,measured,Wuerzburg,598.70123
Kaiserstraße_2025-10-25_22,Kaiserstraße,2025-10-25,22,9.63,rain,no_incident,Saturday,measured,Wuerzburg,522.49445
Kaiserstraße_2025-10-25_23,Kaiserstraße,2025-10-25,23,8.77,rain,no_incident,Saturday,measured,Wuerzburg,319.2031
Kaiserstraße_2025-10-26_0,Kaiserstraße,2025-10-26,0,8.77,rain,no_incident,Sunday,measured,Wuerzburg,202.81726
Kaiserstraße_2025-10-26_1,Kaiserstraße,2025-10-26,1,8.77,rain,no_incident,Sunday,measured,Wuerzburg,125.35494
Kaiserstraße_2025-10-26_2,Kaiserstraße,2025-10-26,2,7.3,rain,no_incident,Sunday,measured,Wuerzburg,85.75781
Kaiserstraße_2025-10-26_3,Kaiserstraße,2025-10-26,3,7.3,rain,no_incident,Sunday,measured,Wuerzburg,72.71622
Kaiserstraße_2025-10-26_4,Kaiserstraße,2025-10-26,4,7.26,rain,no_incident,Sunday,measured,Wuerzburg,70.41607
Kaiserstraße_2025-10-26_5,Kaiserstraße,2025-10-26,5,7.26,rain,no_incident,Sunday,measured,Wuerzburg,66.60361
Kaiserstraße_2025-10-26_6,Kaiserstraße,2025-10-26,6,7.26,rain,no_incident,Sunday,measured,Wuerzburg,68.12837
Kaiserstraße_2025-10-26_7,Kaiserstraße,2025-10-26,7,5.09,rain,no_incident,Sunday,measured,Wuerzburg,73.118034
Kaiserstraße_2025-10-26_8,Kaiserstraße,2025-10-26,8,5.09,rain,no_incident,Sunday,measured,Wuerzburg,100.2083
Kaiserstraße_2025-10-26_9,Kaiserstraße,2025-10-26,9,5.09,rain,no_incident,Sunday,measured,Wuerzburg,174.9647
Kaiserstraße_2025-10-26_10,Kaiserstraße,2025-10-26,10,5.79,cloudy,no_incident,Sunday,measured,Wuerzburg,299.52023
Kaiserstraße_2025-10-26_11,Kaiserstraße,2025-10-26,11,5.79,cloudy,no_incident,Sunday,measured,Wuerzburg,515.4821
Kaiserstraße_2025-10-26_12,Kaiserstraße,2025-10-26,12,5.79,cloudy,no_incident,Sunday,measured,Wuerzburg,583.32416
Kaiserstraße_2025-10-26_13,Kaiserstraße,2025-10-26,13,6.44,rain,no_incident,Sunday,measured,Wuerzburg,640.0072
Kaiserstraße_2025-10-26_14,Kaiserstraße,2025-10-26,14,6.44,rain,no_incident,Sunday,measured,Wuerzburg,734.41583
Kaiserstraße_2025-10-26_15,Kaiserstraße,2025-10-26,15,6.44,rain,no_incident,Sunday,measured,Wuerzburg,762.4107
Kaiserstraße_2025-10-26_16,Kaiserstraße,2025-10-26,16,6.36,cloudy,no_incident,Sunday,measured,Wuerzburg,895.6065
Kaiserstraße_2025-10-26_17,Kaiserstraße,2025-10-26,17,6.36,cloudy,no_incident,Sunday,measured,Wuerzburg,827.5031
Kaiserstraße_2025-10-26_18,Kaiserstraße,2025-10-26,18,6.36,cloudy,no_incident,Sunday,measured,Wuerzburg,648.2016
Kaiserstraße_2025-10-26_19,Kaiserstraße,2025-10-26,19,5.28,cloudy,no_incident,Sunday,measured,Wuerzburg,513.0714
Kaiserstraße_2025-10-26_20,Kaiserstraße,2025-10-26,20,5.28,cloudy,no_incident,Sunday,measured,Wuerzburg,390.74127
Kaiserstraße_2025-10-26_21,Kaiserstraße,2025-10-26,21,5.28,cloudy,no_incident,Sunday,measured,Wuerzburg,283.1564
Kaiserstraße_2025-10-26_22,Kaiserstraße,2025-10-26,22,4.96,cloudy,no_incident,Sunday,measured,Wuerzburg,227.24571
Kaiserstraße_2025-10-26_23,Kaiserstraße,2025-10-26,23,4.96,cloudy,no_incident,Sunday,measured,Wuerzburg,136.19426
Kaiserstraße_2025-10-27_0,Kaiserstraße,2025-10-27,0,4.96,cloudy,no_incident,Monday,measured,Wuerzburg,98.80748
Kaiserstraße_2025-10-27_1,Kaiserstraße,2025-10-27,1,4.78,cloudy,no_incident,Monday,measured,Wuerzburg,62.27993
Kaiserstraße_2025-10-27_2,Kaiserstraße,2025-10-27,2,4.78,cloudy,no_incident,Monday,measured,Wuerzburg,59.42369
Kaiserstraße_2025-10-27_3,Kaiserstraße,2025-10-27,3,4.78,cloudy,no_incident,Monday,measured,Wuerzburg,59.42369
Kaiserstraße_2025-10-27_4,Kaiserstraße,2025-10-27,4,4.54,rain,no_incident,Monday,measured,Wuerzburg,22.218004
Kaiserstraße_2025-10-27_5,Kaiserstraße,2025-10-27,5,4.54,rain,no_incident,Monday,measured,Wuerzburg,50.292038
Kaiserstraße_2025-10-27_6,Kaiserstraße,2025-10-27,6,4.54,rain,no_incident,Monday,measured,Wuerzburg,195.02786
Kaiserstraße_2025-10-27_7,Kaiserstraße,2025-10-27,7,6.16,rain,no_incident,Monday,measured,Wuerzburg,562.7071
Kaiserstraße_2025-10-27_8,Kaiserstraße,2025-10-27,8,6.16,rain,no_incident,Monday,measured,Wuerzburg,617.5557
Kaiserstraße_2025-10-27_9,Kaiserstraße,2025-10-27,9,6.16,rain,no_incident,Monday,measured,Wuerzburg,781.56696
Kaiserstraße_2025-10-27_10,Kaiserstraße,2025-10-27,10,8.02,rain,no_incident,Monday,measured,Wuerzburg,1271.5896
Kaiserstraße_2025-10-27_11,Kaiserstraße,2025-10-27,11,8.02,rain,no_incident,Monday,measured,Wuerzburg,1513.4854
Kaiserstraße_2025-10-27_12,Kaiserstraße,2025-10-27,12,8.02,rain,no_incident,Monday,measured,Wuerzburg,1775.9965
Kaiserstraße_2025-10-27_13,Kaiserstraße,2025-10-27,13,8.96,rain,no_incident,Monday,measured,Wuerzburg,1839.4652
Kaiserstraße_2025-10-27_14,Kaiserstraße,2025-10-27,14,8.96,rain,no_incident,Monday,measured,Wuerzburg,1704.143
Kaiserstraße_2025-10-27_15,Kaiserstraße,2025-10-27,15,8.96,rain,no_incident,Monday,measured,Wuerzburg,1737.684
Kaiserstraße_2025-10-27_16,Kaiserstraße,2025-10-27,16,8.46,rain,no_incident,Monday,measured,Wuerzburg,1846.6742
Kaiserstraße_2025-10-27_17,Kaiserstraße,2025-10-27,17,8.46,rain,no_incident,Monday,measured,Wuerzburg,1788.1838
Kaiserstraße_2025-10-27_18,Kaiserstraße,2025-10-27,18,8.46,rain,no_incident,Monday,measured,Wuerzburg,1314.6298
Kaiserstraße_2025-10-27_19,Kaiserstraße,2025-10-27,19,7.18,rain,no_incident,Monday,measured,Wuerzburg,915.05316
Kaiserstraße_2025-10-27_20,Kaiserstraße,2025-10-27,20,7.18,rain,no_incident,Monday,measured,Wuerzburg,435.06955
Kaiserstraße_2025-10-27_21,Kaiserstraße,2025-10-27,21,7.18,rain,no_incident,Monday,measured,Wuerzburg,291.10394
Kaiserstraße_2025-10-27_22,Kaiserstraße,2025-10-27,22,6.92,rain,no_incident,Monday,measured,Wuerzburg,174.80618
Kaiserstraße_2025-10-27_23,Kaiserstraße,2025-10-27,23,6.92,rain,no_incident,Monday,measured,Wuerzburg,97.67583
Kaiserstraße_2025-10-28_0,Kaiserstraße,2025-10-28,0,6.92,rain,no_incident,Tuesday,measured,Wuerzburg,53.614815
Kaiserstraße_2025-10-28_1,Kaiserstraße,2025-10-28,1,6.74,rain,no_incident,Tuesday,measured,Wuerzburg,28.606699
Kaiserstraße_2025-10-28_2,Kaiserstraße,2025-10-28,2,6.74,rain,no_incident,Tuesday,measured,Wuerzburg,25.292377
Kaiserstraße_2025-10-28_3,Kaiserstraße,2025-10-28,3,6.74,rain,no_incident,Tuesday,measured,Wuerzburg,25.292377
Kaiserstraße_2025-10-28_4,Kaiserstraße,2025-10-28,4,6.31,rain,no_incident,Tuesday,measured,Wuerzburg,25.603788
Kaiserstraße_2025-10-28_5,Kaiserstraße,2025-10-28,5,6.31,rain,no_incident,Tuesday,measured,Wuerzburg,52.06508
Kaiserstraße_2025-10-28_6,Kaiserstraße,2025-10-28,6,6.31,rain,no_incident,Tuesday,measured,Wuerzburg,196.4246
Kaiserstraße_2025-10-28_7,Kaiserstraße,2025-10-28,7,5.69,rain,no_incident,Tuesday,measured,Wuerzburg,549.65076
Kaiserstraße_2025-10-28_8,Kaiserstraße,2025-10-28,8,5.69,rain,no_incident,Tuesday,measured,Wuerzburg,604.06006
Kaiserstraße_2025-10-28_9,Kaiserstraße,2025-10-28,9,5.69,rain,no_incident,Tuesday,measured,Wuerzburg,751.9634
Kaiserstraße_2025-10-28_10,Kaiserstraße,2025-10-28,10,6.88,cloudy,no_incident,Tuesday,measured,Wuerzburg,1298.2524
Kaiserstraße_2025-10-28_11,Kaiserstraße,2025-10-28,11,6.88,cloudy,no_incident,Tuesday,measured,Wuerzburg,1494.3141
Kaiserstraße_2025-10-28_12,Kaiserstraße,2025-10-28,12,6.88,cloudy,no_incident,Tuesday,measured,Wuerzburg,1782.3257
Kaiserstraße_2025-10-28_13,Kaiserstraße,2025-10-28,13,9.17,cloudy,no_incident,Tuesday,measured,Wuerzburg,1860.7388
Kaiserstraße_2025-10-28_14,Kaiserstraße,2025-10-28,14,9.17,cloudy,no_incident,Tuesday,measured,Wuerzburg,1723.7697
Kaiserstraße_2025-10-28_15,Kaiserstraße,2025-10-28,15,9.17,cloudy,no_incident,Tuesday,measured,Wuerzburg,1743.6659
Kaiserstraße_2025-10-28_16,Kaiserstraße,2025-10-28,16,8.36,cloudy,no_incident,Tuesday,measured,Wuerzburg,1867.2577
Kaiserstraße_2025-10-28_17,Kaiserstraße,2025-10-28,17,8.36,cloudy,no_incident,Tuesday,measured,Wuerzburg,1764.1506
Kaiserstraße_2025-10-28_18,Kaiserstraße,2025-10-28,18,8.36,cloudy,no_incident,Tuesday,measured,Wuerzburg,1369.3568
Kaiserstraße_2025-10-28_19,Kaiserstraße,2025-10-28,19,6.39,cloudy,no_incident,Tuesday,measured,Wuerzburg,963.25073
Kaiserstraße_2025-10-28_20,Kaiserstraße,2025-10-28,20,6.39,cloudy,no_incident,Tuesday,measured,Wuerzburg,498.56192
Kaiserstraße_2025-10-28_21,Kaiserstraße,2025-10-28,21,6.39,cloudy,no_incident,Tuesday,measured,Wuerzburg,349.12448
Kaiserstraße_2025-10-28_22,Kaiserstraße,2025-10-28,22,8.4,cloudy,no_incident,Tuesday,measured,Wuerzburg,219.11111
Kaiserstraße_2025-10-28_23,Kaiserstraße,2025-10-28,23,8.4,cloudy,no_incident,Tuesday,measured,Wuerzburg,139.32367
Kaiserstraße_2025-10-29_0,Kaiserstraße,2025-10-29,0,8.4,cloudy,no_incident,Wednesday,measured,Wuerzburg,81.98823
Kaiserstraße_2025-10-29_1,Kaiserstraße,2025-10-29,1,9.25,rain,no_incident,Wednesday,measured,Wuerzburg,32.414787
Kaiserstraße_2025-10-29_2,Kaiserstraße,2025-10-29,2,9.25,rain,no_incident,Wednesday,measured,Wuerzburg,28.370186
Kaiserstraße_2025-10-29_3,Kaiserstraße,2025-10-29,3,9.25,rain,no_incident,Wednesday,measured,Wuerzburg,28.370186
Kaiserstraße_2025-10-29_4,Kaiserstraße,2025-10-29,4,9.22,cloudy,no_incident,Wednesday,measured,Wuerzburg,52.613697
Kaiserstraße_2025-10-29_5,Kaiserstraße,2025-10-29,5,9.22,cloudy,no_incident,Wednesday,measured,Wuerzburg,75.38882
Kaiserstraße_2025-10-29_6,Kaiserstraße,2025-10-29,6,9.22,cloudy,no_incident,Wednesday,measured,Wuerzburg,221.2735
Kaiserstraße_2025-10-29_7,Kaiserstraße,2025-10-29,7,8.65,cloudy,no_incident,Wednesday,measured,Wuerzburg,567.4625
Kaiserstraße_2025-10-29_8,Kaiserstraße,2025-10-29,8,8.65,cloudy,no_incident,Wednesday,measured,Wuerzburg,629.3582
Kaiserstraße_2025-10-29_9,Kaiserstraße,2025-10-29,9,8.65,cloudy,no_incident,Wednesday,measured,Wuerzburg,782.6911
Kaiserstraße_2025-10-29_10,Kaiserstraße,2025-10-29,10,10.76,cloudy,no_incident,Wednesday,measured,Wuerzburg,1297.9133
Kaiserstraße_2025-10-29_11,Kaiserstraße,2025-10-29,11,10.76,cloudy,no_incident,Wednesday,measured,Wuerzburg,1503.8141
Kaiserstraße_2025-10-29_12,Kaiserstraße,2025-10-29,12,10.76,cloudy,no_incident,Wednesday,measured,Wuerzburg,1788.6101
Kaiserstraße_2025-10-29_13,Kaiserstraße,2025-10-29,13,13.12,cloudy,no_incident,Wednesday,measured,Wuerzburg,1880.7488
Kaiserstraße_2025-10-29_14,Kaiserstraße,2025-10-29,14,13.12,cloudy,no_incident,Wednesday,measured,Wuerzburg,1744.0546
Kaiserstraße_2025-10-29_15,Kaiserstraße,2025-10-29,15,13.12,cloudy,no_incident,Wednesday,measured,Wuerzburg,1768.0948
Kaiserstraße_2025-10-29_16,Kaiserstraße,2025-10-29,16,9.99,rain,no_incident,Wednesday,measured,Wuerzburg,1794.3727
Kaiserstraße_2025-10-29_17,Kaiserstraße,2025-10-29,17,9.99,rain,no_incident,Wednesday,measured,Wuerzburg,1727.3582
Kaiserstraße_2025-10-29_18,Kaiserstraße,2025-10-29,18,9.99,rain,no_incident,Wednesday,measured,Wuerzburg,1322.0111
Kaiserstraße_2025-10-29_19,Kaiserstraße,2025-10-29,19,9.99,rain,no_incident,Wednesday,measured,Wuerzburg,942.3875
Kaiserstraße_2025-10-29_20,Kaiserstraße,2025-10-29,20,9.99,rain,no_incident,Wednesday,measured,Wuerzburg,484.67947
Kaiserstraße_2025-10-29_21,Kaiserstraße,2025-10-29,21,9.99,rain,no_incident,Wednesday,measured,Wuerzburg,325.34808
Kaiserstraße_2025-10-29_22,Kaiserstraße,2025-10-29,22,9.99,rain,no_incident,Wednesday,measured,Wuerzburg,212.79292
Kaiserstraße_2025-10-29_23,Kaiserstraße,2025-10-29,23,9.99,rain,no_incident,Wednesday,measured,Wuerzburg,127.3095
Kaiserstraße_2025-10-30_0,Kaiserstraße,2025-10-30,0,9.99,rain,no_incident,Thursday,measured,Wuerzburg,59.060867
Kaiserstraße_2025-10-30_1,Kaiserstraße,2025-10-30,1,9.99,rain,no_incident,Thursday,measured,Wuerzburg,32.670128
Kaiserstraße_2025-10-30_2,Kaiserstraße,2025-10-30,2,9.99,rain,no_incident,Thursday,measured,Wuerzburg,28.62553
Kaiserstraße_2025-10-30_3,Kaiserstraße,2025-10-30,3,9.99,rain,no_incident,Thursday,measured,Wuerzburg,28.62553
Kaiserstraße_2025-10-30_4,Kaiserstraße,2025-10-30,4,9.99,rain,no_incident,Thursday,measured,Wuerzburg,28.936941
Kaiserstraße_2025-10-30_5,Kaiserstraße,2025-10-30,5,9.99,rain,no_incident,Thursday,measured,Wuerzburg,55.64942
Kaiserstraße_2025-10-30_6,Kaiserstraße,2025-10-30,6,9.99,rain,no_incident,Thursday,measured,Wuerzburg,196.68068
Kaiserstraße_2025-10-30_7,Kaiserstraße,2025-10-30,7,9.99,rain,no_incident,Thursday,measured,Wuerzburg,541.81586
Kaiserstraße_2025-10-30_8,Kaiserstraße,2025-10-30,8,9.99,rain,no_incident,Thursday,measured,Wuerzburg,601.0945
Kaiserstraße_2025-10-30_9,Kaiserstraße,2025-10-30,9,9.99,rain,no_incident,Thursday,measured,Wuerzburg,754.7435
Kaiserstraße_2025-10-30_10,Kaiserstraße,2025-10-30,10,9.99,rain,no_incident,Thursday,measured,Wuerzburg,1234.8368
Kaiserstraße_2025-10-30_11,Kaiserstraße,2025-10-30,11,9.99,rain,no_incident,Thursday,measured,Wuerzburg,1469.4292
Kaiserstraße_2025-10-30_12,Kaiserstraße,2025-10-30,12,9.99,rain,no_incident,Thursday,measured,Wuerzburg,1736.5311
Kaiserstraße_2025-10-30_13,Kaiserstraße,2025-10-30,13,9.99,rain,no_incident,Thursday,measured,Wuerzburg,1814.1332
Kaiserstraße_2025-10-30_14,Kaiserstraße,2025-10-30,14,9.99,rain,no_incident,Thursday,measured,Wuerzburg,1680.067
Kaiserstraße_2025-10-30_15,Kaiserstraße,2025-10-30,15,9.99,rain,no_incident,Thursday,measured,Wuerzburg,1738.4506
Kaiserstraße_2025-10-30_16,Kaiserstraße,2025-10-30,16,9.99,rain,no_incident,Thursday,measured,Wuerzburg,1835.3812
Kaiserstraße_2025-10-30_17,Kaiserstraße,2025-10-30,17,9.99,rain,no_incident,Thursday,measured,Wuerzburg,1759.4846
Kaiserstraße_2025-10-30_18,Kaiserstraße,2025-10-30,18,9.99,rain,no_incident,Thursday,measured,Wuerzburg,1347.4684
Kaiserstraße_2025-10-30_19,Kaiserstraße,2025-10-30,19,9.99,rain,no_incident,Thursday,measured,Wuerzburg,946.4711
Kaiserstraße_2025-10-30_20,Kaiserstraße,2025-10-30,20,9.99,rain,no_incident,Thursday,measured,Wuerzburg,491.17416
Kaiserstraße_2025-10-30_21,Kaiserstraße,2025-10-30,21,9.99,rain,no_incident,Thursday,measured,Wuerzburg,334.30994
Kaiserstraße_2025-10-30_22,Kaiserstraße,2025-10-30,22,9.99,rain,no_incident,Thursday,measured,Wuerzburg,225.73247
Kaiserstraße_2025-10-30_23,Kaiserstraße,2025-10-30,23,9.99,rain,no_incident,Thursday,measured,Wuerzburg,137.35968
Kaiserstraße_2025-10-31_0,Kaiserstraße,2025-10-31,0,9.99,rain,no_incident,Friday,measured,Wuerzburg,74.46235
Kaiserstraße_2025-10-31_1,Kaiserstraße,2025-10-31,1,9.99,rain,no_incident,Friday,measured,Wuerzburg,44.085648
Kaiserstraße_2025-10-31_2,Kaiserstraße,2025-10-31,2,9.99,rain,no_incident,Friday,measured,Wuerzburg,39.618317
Kaiserstraße_2025-10-31_3,Kaiserstraße,2025-10-31,3,9.99,rain,no_incident,Friday,measured,Wuerzburg,38.892212
Kaiserstraße_2025-10-31_4,Kaiserstraße,2025-10-31,4,9.99,rain,no_incident,Friday,measured,Wuerzburg,38.892212
Kaiserstraße_2025-10-31_5,Kaiserstraße,2025-10-31,5,9.99,rain,no_incident,Friday,measured,Wuerzburg,61.146023
Kaiserstraße_2025-10-31_6,Kaiserstraße,2025-10-31,6,9.99,rain,no_incident,Friday,measured,Wuerzburg,176.65466
Kaiserstraße_2025-10-31_7,Kaiserstraße,2025-10-31,7,9.99,rain,no_incident,Friday,measured,Wuerzburg,549.70465
Kaiserstraße_2025-10-31_8,Kaiserstraße,2025-10-31,8,9.99,rain,no_incident,Friday,measured,Wuerzburg,610.2973
Kaiserstraße_2025-10-31_9,Kaiserstraße,2025-10-31,9,9.99,rain,no_incident,Friday,measured,Wuerzburg,788.6782
Kaiserstraße_2025-10-31_10,Kaiserstraße,2025-10-31,10,9.99,rain,no_incident,Friday,measured,Wuerzburg,1314.601
Kaiserstraße_2025-10-31_11,Kaiserstraße,2025-10-31,11,9.99,rain,no_incident,Friday,measured,Wuerzburg,1562.2357
Kaiserstraße_2025-10-31_12,Kaiserstraße,2025-10-31,12,9.99,rain,no_incident,Friday,measured,Wuerzburg,1888.8304
Kaiserstraße_2025-10-31_13,Kaiserstraße,2025-10-31,13,9.99,rain,no_incident,Friday,measured,Wuerzburg,2074.5435
Kaiserstraße_2025-10-31_14,Kaiserstraße,2025-10-31,14,9.99,rain,no_incident,Friday,measured,Wuerzburg,1991.4415
Kaiserstraße_2025-10-31_15,Kaiserstraße,2025-10-31,15,9.99,rain,no_incident,Friday,measured,Wuerzburg,2078.1338
Kaiserstraße_2025-10-31_16,Kaiserstraße,2025-10-31,16,9.99,rain,no_incident,Friday,measured,Wuerzburg,2154.0752
Kaiserstraße_2025-10-31_17,Kaiserstraße,2025-10-31,17,9.99,rain,no_incident,Friday,measured,Wuerzburg,2054.6128
Kaiserstraße_2025-10-31_18,Kaiserstraße,2025-10-31,18,9.99,rain,no_incident,Friday,measured,Wuerzburg,1751.8739
Kaiserstraße_2025-10-31_19,Kaiserstraße,2025-10-31,19,9.99,rain,no_incident,Friday,measured,Wuerzburg,1299.5057
Kaiserstraße_2025-10-31_20,Kaiserstraße,2025-10-31,20,9.99,rain,no_incident,Friday,measured,Wuerzburg,675.50305
Kaiserstraße_2025-10-31_21,Kaiserstraße,2025-10-31,21,9.99,rain,no_incident,Friday,measured,Wuerzburg,524.82245
Kaiserstraße_2025-10-31_22,Kaiserstraße,2025-10-31,22,9.99,rain,no_incident,Friday,measured,Wuerzburg,439.71814
Kaiserstraße_2025-10-31_23,Kaiserstraße,2025-10-31,23,9.99,rain,no_incident,Friday,measured,Wuerzburg,286.18124
Kaiserstraße_2025-11-01_0,Kaiserstraße,2025-11-01,0,9.99,rain,no_incident,Saturday,measured,Wuerzburg,184.3208
Kaiserstraße_2025-11-01_1,Kaiserstraße,2025-11-01,1,9.99,rain,no_incident,Saturday,measured,Wuerzburg,112.54311
Kaiserstraße_2025-11-01_2,Kaiserstraße,2025-11-01,2,9.99,rain,no_incident,Saturday,measured,Wuerzburg,84.11718
Kaiserstraße_2025-11-01_3,Kaiserstraße,2025-11-01,3,9.99,rain,no_incident,Saturday,measured,Wuerzburg,66.49371
Kaiserstraße_2025-11-01_4,Kaiserstraße,2025-11-01,4,9.99,rain,no_incident,Saturday,measured,Wuerzburg,59.243866
Kaiserstraße_2025-11-01_5,Kaiserstraße,2025-11-01,5,9.99,rain,no_incident,Saturday,measured,Wuerzburg,46.729774
Kaiserstraße_2025-11-01_6,Kaiserstraße,2025-11-01,6,9.99,rain,no_incident,Saturday,measured,Wuerzburg,38.67363
Kaiserstraße_2025-11-01_7,Kaiserstraße,2025-11-01,7,9.99,rain,no_incident,Saturday,measured,Wuerzburg,86.82826
Kaiserstraße_2025-11-01_8,Kaiserstraße,2025-11-01,8,9.99,rain,no_incident,Saturday,measured,Wuerzburg,167.02841
Kaiserstraße_2025-11-01_9,Kaiserstraße,2025-11-01,9,9.99,rain,no_incident,Saturday,measured,Wuerzburg,206.04887
Kaiserstraße_2025-11-01_10,Kaiserstraße,2025-11-01,10,9.99,rain,no_incident,Saturday,measured,Wuerzburg,353.99133
Kaiserstraße_2025-11-01_11,Kaiserstraße,2025-11-01,11,9.99,rain,no_incident,Saturday,measured,Wuerzburg,474.29013
Kaiserstraße_2025-11-01_12,Kaiserstraße,2025-11-01,12,9.99,rain,no_incident,Saturday,measured,Wuerzburg,558.0014
Kaiserstraße_2025-11-01_13,Kaiserstraße,2025-11-01,13,9.99,rain,no_incident,Saturday,measured,Wuerzburg,840.2279
Kaiserstraße_2025-11-01_14,Kaiserstraße,2025-11-01,14,9.99,rain,no_incident,Saturday,measured,Wuerzburg,1033.0198
Kaiserstraße_2025-11-01_15,Kaiserstraße,2025-11-01,15,9.99,rain,no_incident,Saturday,measured,Wuerzburg,1168.2855
Kaiserstraße_2025-11-01_16,Kaiserstraße,2025-11-01,16,9.99,rain,no_incident,Saturday,measured,Wuerzburg,1249.2234
Schoenbornstraße_2025-10-24_17,Schoenbornstraße,2025-10-24,17,9.99,rain,no_incident,Friday,measured,Wuerzburg,2446.7693
Schoenbornstraße_2025-10-24_18,Schoenbornstraße,2025-10-24,18,9.99,rain,no_incident,Friday,measured,Wuerzburg,1849.2435
Schoenbornstraße_2025-10-24_19,Schoenbornstraße,2025-10-24,19,9.99,rain,no_incident,Friday,measured,Wuerzburg,1373.1859
Schoenbornstraße_2025-10-24_20,Schoenbornstraße,2025-10-24,20,9.63,cloudy,no_incident,Friday,measured,Wuerzburg,757.92834
Schoenbornstraße_2025-10-24_21,Schoenbornstraße,2025-10-24,21,9.63,cloudy,no_incident,Friday,measured,Wuerzburg,595.9254
Schoenbornstraße_2025-10-24_22,Schoenbornstraße,2025-10-24,22,9.63,cloudy,no_incident,Friday,measured,Wuerzburg,521.4364
Schoenbornstraße_2025-10-24_23,Schoenbornstraße,2025-10-24,23,8.7,cloudy,no_incident,Friday,measured,Wuerzburg,370.7754
Schoenbornstraße_2025-10-25_0,Schoenbornstraße,2025-10-25,0,8.7,cloudy,no_incident,Saturday,measured,Wuerzburg,213.17104
Schoenbornstraße_2025-10-25_1,Schoenbornstraße,2025-10-25,1,8.7,cloudy,no_incident,Saturday,measured,Wuerzburg,130.88567
Schoenbornstraße_2025-10-25_2,Schoenbornstraße,2025-10-25,2,8.68,cloudy,no_incident,Saturday,measured,Wuerzburg,92.41232
Schoenbornstraße_2025-10-25_3,Schoenbornstraße,2025-10-25,3,8.68,cloudy,no_incident,Saturday,measured,Wuerzburg,79.754295
Schoenbornstraße_2025-10-25_4,Schoenbornstraße,2025-10-25,4,8.68,cloudy,no_incident,Saturday,measured,Wuerzburg,76.514015
Schoenbornstraße_2025-10-25_5,Schoenbornstraße,2025-10-25,5,9.05,rain,no_incident,Saturday,measured,Wuerzburg,45.71402
Schoenbornstraße_2025-10-25_6,Schoenbornstraße,2025-10-25,6,9.05,rain,no_incident,Saturday,measured,Wuerzburg,48.601242
Schoenbornstraße_2025-10-25_7,Schoenbornstraße,2025-10-25,7,9.05,rain,no_incident,Saturday,measured,Wuerzburg,93.51878
Schoenbornstraße_2025-10-25_8,Schoenbornstraße,2025-10-25,8,8.66,rain,no_incident,Saturday,measured,Wuerzburg,264.01407
Schoenbornstraße_2025-10-25_9,Schoenbornstraße,2025-10-25,9,8.66,rain,no_incident,Saturday,measured,Wuerzburg,716.9009
Schoenbornstraße_2025-10-25_10,Schoenbornstraße,2025-10-25,10,8.66,rain,no_incident,Saturday,measured,Wuerzburg,1619.2136
Schoenbornstraße_2025-10-25_11,Schoenbornstraße,2025-10-25,11,9.69,rain,no_incident,Saturday,measured,Wuerzburg,2474.6062
Schoenbornstraße_2025-10-25_12,Schoenbornstraße,2025-10-25,12,9.69,rain,no_incident,Saturday,measured,Wuerzburg,3294.787
Schoenbornstraße_2025-10-25_13,Schoenbornstraße,2025-10-25,13,9.69,rain,no_incident,Saturday,measured,Wuerzburg,3663.0461
Schoenbornstraße_2025-10-25_14,Schoenbornstraße,2025-10-25,14,11.47,rain,no_incident,Saturday,measured,Wuerzburg,3931.2312
Schoenbornstraße_2025-10-25_15,Schoenbornstraße,2025-10-25,15,11.47,rain,no_incident,Saturday,measured,Wuerzburg,4044.1394
Schoenbornstraße_2025-10-25_16,Schoenbornstraße,2025-10-25,16,11.47,rain,no_incident,Saturday,measured,Wuerzburg,3993.5837
Schoenbornstraße_2025-10-25_17,Schoenbornstraße,2025-10-25,17,10.52,rain,no_incident,Saturday,measured,Wuerzburg,3554.4053
Schoenbornstraße_2025-10-25_18,Schoenbornstraße,2025-10-25,18,10.52,rain,no_incident,Saturday,measured,Wuerzburg,2595.0833
Schoenbornstraße_2025-10-25_19,Schoenbornstraße,2025-10-25,19,10.52,rain,no_incident,Saturday,measured,Wuerzburg,1571.9746
Schoenbornstraße_2025-10-25_20,Schoenbornstraße,2025-10-25,20,9.63,rain,no_incident,Saturday,measured,Wuerzburg,807.7
Schoenbornstraße_2025-10-25_21,Schoenbornstraße,2025-10-25,21,9.63,rain,no_incident,Saturday,measured,Wuerzburg,581.5493
Schoenbornstraße_2025-10-25_22,Schoenbornstraße,2025-10-25,22,9.63,rain,no_incident,Saturday,measured,Wuerzburg,504.59116
Schoenbornstraße_2025-10-25_23,Schoenbornstraße,2025-10-25,23,8.77,rain,no_incident,Saturday,measured,Wuerzburg,327.09766
Schoenbornstraße_2025-10-26_0,Schoenbornstraße,2025-10-26,0,8.77,rain,no_incident,Sunday,measured,Wuerzburg,186.58482
Schoenbornstraße_2025-10-26_1,Schoenbornstraße,2025-10-26,1,8.77,rain,no_incident,Sunday,measured,Wuerzburg,117.02731
Schoenbornstraße_2025-10-26_2,Schoenbornstraße,2025-10-26,2,7.3,rain,no_incident,Sunday,measured,Wuerzburg,74.67382
Schoenbornstraße_2025-10-26_3,Schoenbornstraße,2025-10-26,3,7.3,rain,no_incident,Sunday,measured,Wuerzburg,60.166336
Schoenbornstraße_2025-10-26_4,Schoenbornstraße,2025-10-26,4,7.26,rain,no_incident,Sunday,measured,Wuerzburg,57.02379
Schoenbornstraße_2025-10-26_5,Schoenbornstraße,2025-10-26,5,7.26,rain,no_incident,Sunday,measured,Wuerzburg,50.89521
Schoenbornstraße_2025-10-26_6,Schoenbornstraße,2025-10-26,6,7.26,rain,no_incident,Sunday,measured,Wuerzburg,36.75817
Schoenbornstraße_2025-10-26_7,Schoenbornstraße,2025-10-26,7,5.09,rain,no_incident,Sunday,measured,Wuerzburg,37.290882
Schoenbornstraße_2025-10-26_8,Schoenbornstraße,2025-10-26,8,5.09,rain,no_incident,Sunday,measured,Wuerzburg,81.82878
Schoenbornstraße_2025-10-26_9,Schoenbornstraße,2025-10-26,9,5.09,rain,no_incident,Sunday,measured,Wuerzburg,204.13731
Schoenbornstraße_2025-10-26_10,Schoenbornstraße,2025-10-26,10,5.79,cloudy,no_incident,Sunday,measured,Wuerzburg,380.85556
Schoenbornstraße_2025-10-26_11,Schoenbornstraße,2025-10-26,11,5.79,cloudy,no_incident,Sunday,measured,Wuerzburg,630.3844
Schoenbornstraße_2025-10-26_12,Schoenbornstraße,2025-10-26,12,5.79,cloudy,no_incident,Sunday,measured,Wuerzburg,741.35077
Schoenbornstraße_2025-10-26_13,Schoenbornstraße,2025-10-26,13,6.44,rain,no_incident,Sunday,measured,Wuerzburg,829.7837
Schoenbornstraße_2025-10-26_14,Schoenbornstraße,2025-10-26,14,6.44,rain,no_incident,Sunday,measured,Wuerzburg,973.19165
Schoenbornstraße_2025-10-26_15,Schoenbornstraße,2025-10-26,15,6.44,rain,no_incident,Sunday,measured,Wuerzburg,1034.9833
Schoenbornstraße_2025-10-26_16,Schoenbornstraße,2025-10-26,16,6.36,cloudy,no_incident,Sunday,measured,Wuerzburg,1190.5103
Schoenbornstraße_2025-10-26_17,Schoenbornstraße,2025-10-26,17,6.36,cloudy,no_incident,Sunday,measured,Wuerzburg,1023.32007
Schoenbornstraße_2025-10-26_18,Schoenbornstraße,2025-10-26,18,6.36,cloudy,no_incident,Sunday,measured,Wuerzburg,724.1769
Schoenbornstraße_2025-10-26_19,Schoenbornstraße,2025-10-26,19,5.28,cloudy,no_incident,Sunday,measured,Wuerzburg,537.60547
Schoenbornstraße_2025-10-26_20,Schoenbornstraße,2025-10-26,20,5.28,cloudy,no_incident,Sunday,measured,Wuerzburg,383.14713
Schoenbornstraße_2025-10-26_21,Schoenbornstraße,2025-10-26,21,5.28,cloudy,no_incident,Sunday,measured,Wuerzburg,270.17798
Schoenbornstraße_2025-10-26_22,Schoenbornstraße,2025-10-26,22,4.96,cloudy,no_incident,Sunday,measured,Wuerzburg,209.91699
Schoenbornstraße_2025-10-26_23,Schoenbornstraße,2025-10-26,23,4.96,cloudy,no_incident,Sunday,measured,Wuerzburg,146.33064
Schoenbornstraße_2025-10-27_0,Schoenbornstraße,2025-10-27,0,4.96,cloudy,no_incident,Monday,measured,Wuerzburg,95.25937
Schoenbornstraße_2025-10-27_1,Schoenbornstraße,2025-10-27,1,4.78,cloudy,no_incident,Monday,measured,Wuerzburg,60.491062
Schoenbornstraße_2025-10-27_2,Schoenbornstraße,2025-10-27,2,4.78,cloudy,no_incident,Monday,measured,Wuerzburg,55.530758
Schoenbornstraße_2025-10-27_3,Schoenbornstraße,2025-10-27,3,4.78,cloudy,no_incident,Monday,measured,Wuerzburg,55.530758
Schoenbornstraße_2025-10-27_4,Schoenbornstraße,2025-10-27,4,4.54,rain,no_incident,Monday,measured,Wuerzburg,17.61698
Schoenbornstraße_2025-10-27_5,Schoenbornstraße,2025-10-27,5,4.54,rain,no_incident,Monday,measured,Wuerzburg,32.26585
Schoenbornstraße_2025-10-27_6,Schoenbornstraße,2025-10-27,6,4.54,rain,no_incident,Monday,measured,Wuerzburg,92.527275
Schoenbornstraße_2025-10-27_7,Schoenbornstraße,2025-10-27,7,6.16,rain,no_incident,Monday,measured,Wuerzburg,300.8231
Schoenbornstraße_2025-10-27_8,Schoenbornstraße,2025-10-27,8,6.16,rain,no_incident,Monday,measured,Wuerzburg,469.9328
Schoenbornstraße_2025-10-27_9,Schoenbornstraße,2025-10-27,9,6.16,rain,no_incident,Monday,measured,Wuerzburg,847.43915
Schoenbornstraße_2025-10-27_10,Schoenbornstraße,2025-10-27,10,8.02,rain,no_incident,Monday,measured,Wuerzburg,1574.7285
Schoenbornstraße_2025-10-27_11,Schoenbornstraße,2025-10-27,11,8.02,rain,no_incident,Monday,measured,Wuerzburg,1934.3779
Schoenbornstraße_2025-10-27_12,Schoenbornstraße,2025-10-27,12,8.02,rain,no_incident,Monday,measured,Wuerzburg,2231.4802
Schoenbornstraße_2025-10-27_13,Schoenbornstraße,2025-10-27,13,8.96,rain,no_incident,Monday,measured,Wuerzburg,2310.6682
Schoenbornstraße_2025-10-27_14,Schoenbornstraße,2025-10-27,14,8.96,rain,no_incident,Monday,measured,Wuerzburg,2215.906
Schoenbornstraße_2025-10-27_15,Schoenbornstraße,2025-10-27,15,8.96,rain,no_incident,Monday,measured,Wuerzburg,2268.2346
Schoenbornstraße_2025-10-27_16,Schoenbornstraße,2025-10-27,16,8.46,rain,no_incident,Monday,measured,Wuerzburg,2312.7715
Schoenbornstraße_2025-10-27_17,Schoenbornstraße,2025-10-27,17,8.46,rain,no_incident,Monday,measured,Wuerzburg,2111.432
Schoenbornstraße_2025-10-27_18,Schoenbornstraße,2025-10-27,18,8.46,rain,no_incident,Monday,measured,Wuerzburg,1356.4722
Schoenbornstraße_2025-10-27_19,Schoenbornstraße,2025-10-27,19,7.18,rain,no_incident,Monday,measured,Wuerzburg,956.3432
Schoenbornstraße_2025-10-27_20,Schoenbornstraße,2025-10-27,20,7.18,rain,no_incident,Monday,measured,Wuerzburg,390.5814
Schoenbornstraße_2025-10-27_21,Schoenbornstraße,2025-10-27,21,7.18,rain,no_incident,Monday,measured,Wuerzburg,247.56302
Schoenbornstraße_2025-10-27_22,Schoenbornstraße,2025-10-27,22,6.92,rain,no_incident,Monday,measured,Wuerzburg,155.45256
Schoenbornstraße_2025-10-27_23,Schoenbornstraße,2025-10-27,23,6.92,rain,no_incident,Monday,measured,Wuerzburg,99.70728
Schoenbornstraße_2025-10-28_0,Schoenbornstraße,2025-10-28,0,6.92,rain,no_incident,Tuesday,measured,Wuerzburg,49.65926
Schoenbornstraße_2025-10-28_1,Schoenbornstraße,2025-10-28,1,6.74,rain,no_incident,Tuesday,measured,Wuerzburg,26.764734
Schoenbornstraße_2025-10-28_2,Schoenbornstraße,2025-10-28,2,6.74,rain,no_incident,Tuesday,measured,Wuerzburg,21.346334
Schoenbornstraße_2025-10-28_3,Schoenbornstraße,2025-10-28,3,6.74,rain,no_incident,Tuesday,measured,Wuerzburg,21.346334
Schoenbornstraße_2025-10-28_4,Schoenbornstraße,2025-10-28,4,6.31,rain,no_incident,Tuesday,measured,Wuerzburg,21.346334
Schoenbornstraße_2025-10-28_5,Schoenbornstraße,2025-10-28,5,6.31,rain,no_incident,Tuesday,measured,Wuerzburg,35.518093
Schoenbornstraße_2025-10-28_6,Schoenbornstraße,2025-10-28,6,6.31,rain,no_incident,Tuesday,measured,Wuerzburg,95.40328
Schoenbornstraße_2025-10-28_7,Schoenbornstraße,2025-10-28,7,5.69,rain,no_incident,Tuesday,measured,Wuerzburg,295.58575
Schoenbornstraße_2025-10-28_8,Schoenbornstraße,2025-10-28,8,5.69,rain,no_incident,Tuesday,measured,Wuerzburg,458.24292
Schoenbornstraße_2025-10-28_9,Schoenbornstraße,2025-10-28,9,5.69,rain,no_incident,Tuesday,measured,Wuerzburg,802.2481
Schoenbornstraße_2025-10-28_10,Schoenbornstraße,2025-10-28,10,6.88,cloudy,no_incident,Tuesday,measured,Wuerzburg,1604.513
Schoenbornstraße_2025-10-28_11,Schoenbornstraße,2025-10-28,11,6.88,cloudy,no_incident,Tuesday,measured,Wuerzburg,1899.0785
Schoenbornstraße_2025-10-28_12,Schoenbornstraße,2025-10-28,12,6.88,cloudy,no_incident,Tuesday,measured,Wuerzburg,2231.7927
Schoenbornstraße_2025-10-28_13,Schoenbornstraße,2025-10-28,13,9.17,cloudy,no_incident,Tuesday,measured,Wuerzburg,2343.1003
Schoenbornstraße_2025-10-28_14,Schoenbornstraße,2025-10-28,14,9.17,cloudy,no_incident,Tuesday,measured,Wuerzburg,2244.2917
Schoenbornstraße_2025-10-28_15,Schoenbornstraße,2025-10-28,15,9.17,cloudy,no_incident,Tuesday,measured,Wuerzburg,2277.98
Schoenbornstraße_2025-10-28_16,Schoenbornstraße,2025-10-28,16,8.36,cloudy,no_incident,Tuesday,measured,Wuerzburg,2351.8635
Schoenbornstraße_2025-10-28_17,Schoenbornstraße,2025-10-28,17,8.36,cloudy,no_incident,Tuesday,measured,Wuerzburg,2168.8706
Schoenbornstraße_2025-10-28_18,Schoenbornstraße,2025-10-28,18,8.36,cloudy,no_incident,Tuesday,measured,Wuerzburg,1544.1664
Schoenbornstraße_2025-10-28_19,Schoenbornstraße,2025-10-28,19,6.39,cloudy,no_incident,Tuesday,measured,Wuerzburg,1057.1606
Schoenbornstraße_2025-10-28_20,Schoenbornstraße,2025-10-28,20,6.39,cloudy,no_incident,Tuesday,measured,Wuerzburg,479.5973
Schoenbornstraße_2025-10-28_21,Schoenbornstraße,2025-10-28,21,6.39,cloudy,no_incident,Tuesday,measured,Wuerzburg,326.82117
Schoenbornstraße_2025-10-28_22,Schoenbornstraße,2025-10-28,22,8.4,cloudy,no_incident,Tuesday,measured,Wuerzburg,209.79895
Schoenbornstraße_2025-10-28_23,Schoenbornstraße,2025-10-28,23,8.4,cloudy,no_incident,Tuesday,measured,Wuerzburg,150.12027
Schoenbornstraße_2025-10-29_0,Schoenbornstraße,2025-10-29,0,8.4,cloudy,no_incident,Wednesday,measured,Wuerzburg,84.3536
Schoenbornstraße_2025-10-29_1,Schoenbornstraße,2025-10-29,1,9.25,rain,no_incident,Wednesday,measured,Wuerzburg,30.695496
Schoenbornstraße_2025-10-29_2,Schoenbornstraße,2025-10-29,2,9.25,rain,no_incident,Wednesday,measured,Wuerzburg,24.54683
Schoenbornstraße_2025-10-29_3,Schoenbornstraße,2025-10-29,3,9.25,rain,no_incident,Wednesday,measured,Wuerzburg,24.54683
Schoenbornstraße_2025-10-29_4,Schoenbornstraße,2025-10-29,4,9.22,cloudy,no_incident,Wednesday,measured,Wuerzburg,53.209934
Schoenbornstraße_2025-10-29_5,Schoenbornstraße,2025-10-29,5,9.22,cloudy,no_incident,Wednesday,measured,Wuerzburg,63.57286
Schoenbornstraße_2025-10-29_6,Schoenbornstraße,2025-10-29,6,9.22,cloudy,no_incident,Wednesday,measured,Wuerzburg,124.983154
Schoenbornstraße_2025-10-29_7,Schoenbornstraße,2025-10-29,7,8.65,cloudy,no_incident,Wednesday,measured,Wuerzburg,332.01065
Schoenbornstraße_2025-10-29_8,Schoenbornstraße,2025-10-29,8,8.65,cloudy,no_incident,Wednesday,measured,Wuerzburg,495.86542
Schoenbornstraße_2025-10-29_9,Schoenbornstraße,2025-10-29,9,8.65,cloudy,no_incident,Wednesday,measured,Wuerzburg,846.7003
Schoenbornstraße_2025-10-29_10,Schoenbornstraße,2025-10-29,10,10.76,cloudy,no_incident,Wednesday,measured,Wuerzburg,1606.676
Schoenbornstraße_2025-10-29_11,Schoenbornstraße,2025-10-29,11,10.76,cloudy,no_incident,Wednesday,measured,Wuerzburg,1928.3644
Schoenbornstraße_2025-10-29_12,Schoenbornstraße,2025-10-29,12,10.76,cloudy,no_incident,Wednesday,measured,Wuerzburg,2272.4304
Schoenbornstraße_2025-10-29_13,Schoenbornstraße,2025-10-29,13,13.12,cloudy,no_incident,Wednesday,measured,Wuerzburg,2401.7163
Schoenbornstraße_2025-10-29_14,Schoenbornstraße,2025-10-29,14,13.12,cloudy,no_incident,Wednesday,measured,Wuerzburg,2303.7998
Schoenbornstraße_2025-10-29_15,Schoenbornstraße,2025-10-29,15,13.12,cloudy,no_incident,Wednesday,measured,Wuerzburg,2352.0044
Schoenbornstraße_2025-10-29_16,Schoenbornstraße,2025-10-29,16,9.99,rain,no_incident,Wednesday,measured,Wuerzburg,2282.8367
Schoenbornstraße_2025-10-29_17,Schoenbornstraße,2025-10-29,17,9.99,rain,no_incident,Wednesday,measured,Wuerzburg,2112.399
Schoenbornstraße_2025-10-29_18,Schoenbornstraße,2025-10-29,18,9.99,rain,no_incident,Wednesday,measured,Wuerzburg,1439.996
Schoenbornstraße_2025-10-29_19,Schoenbornstraße,2025-10-29,19,9.99,rain,no_incident,Wednesday,measured,Wuerzburg,996.5193
Schoenbornstraße_2025-10-29_20,Schoenbornstraße,2025-10-29,20,9.99,rain,no_incident,Wednesday,measured,Wuerzburg,449.5007
Schoenbornstraße_2025-10-29_21,Schoenbornstraße,2025-10-29,21,9.99,rain,no_incident,Wednesday,measured,Wuerzburg,290.29483
Schoenbornstraße_2025-10-29_22,Schoenbornstraße,2025-10-29,22,9.99,rain,no_incident,Wednesday,measured,Wuerzburg,197.98508
Schoenbornstraße_2025-10-29_23,Schoenbornstraße,2025-10-29,23,9.99,rain,no_incident,Wednesday,measured,Wuerzburg,131.97627
Schoenbornstraße_2025-10-30_0,Schoenbornstraße,2025-10-30,0,9.99,rain,no_incident,Thursday,measured,Wuerzburg,56.69527
Schoenbornstraße_2025-10-30_1,Schoenbornstraße,2025-10-30,1,9.99,rain,no_incident,Thursday,measured,Wuerzburg,30.95084
Schoenbornstraße_2025-10-30_2,Schoenbornstraße,2025-10-30,2,9.99,rain,no_incident,Thursday,measured,Wuerzburg,24.802174
Schoenbornstraße_2025-10-30_3,Schoenbornstraße,2025-10-30,3,9.99,rain,no_incident,Thursday,measured,Wuerzburg,24.802174
Schoenbornstraße_2025-10-30_4,Schoenbornstraße,2025-10-30,4,9.99,rain,no_incident,Thursday,measured,Wuerzburg,24.802174
Schoenbornstraße_2025-10-30_5,Schoenbornstraße,2025-10-30,5,9.99,rain,no_incident,Thursday,measured,Wuerzburg,38.582767
Schoenbornstraße_2025-10-30_6,Schoenbornstraße,2025-10-30,6,9.99,rain,no_incident,Thursday,measured,Wuerzburg,95.65935
Schoenbornstraße_2025-10-30_7,Schoenbornstraße,2025-10-30,7,9.99,rain,no_incident,Thursday,measured,Wuerzburg,291.03503
Schoenbornstraße_2025-10-30_8,Schoenbornstraße,2025-10-30,8,9.99,rain,no_incident,Thursday,measured,Wuerzburg,458.42392
Schoenbornstraße_2025-10-30_9,Schoenbornstraße,2025-10-30,9,9.99,rain,no_incident,Thursday,measured,Wuerzburg,809.53375
Schoenbornstraße_2025-10-30_10,Schoenbornstraße,2025-10-30,10,9.99,rain,no_incident,Thursday,measured,Wuerzburg,1512.4364
Schoenbornstraße_2025-10-30_11,Schoenbornstraße,2025-10-30,11,9.99,rain,no_incident,Thursday,measured,Wuerzburg,1863.208
Schoenbornstraße_2025-10-30_12,Schoenbornstraße,2025-10-30,12,9.99,rain,no_incident,Thursday,measured,Wuerzburg,2190.7078
Schoenbornstraße_2025-10-30_13,Schoenbornstraße,2025-10-30,13,9.99,rain,no_incident,Thursday,measured,Wuerzburg,2289.4036
Schoenbornstraße_2025-10-30_14,Schoenbornstraße,2025-10-30,14,9.99,rain,no_incident,Thursday,measured,Wuerzburg,2193.4592
Schoenbornstraße_2025-10-30_15,Schoenbornstraße,2025-10-30,15,9.99,rain,no_incident,Thursday,measured,Wuerzburg,2276.8777
Schoenbornstraße_2025-10-30_16,Schoenbornstraße,2025-10-30,16,9.99,rain,no_incident,Thursday,measured,Wuerzburg,2326.7925
Schoenbornstraße_2025-10-30_17,Schoenbornstraße,2025-10-30,17,9.99,rain,no_incident,Thursday,measured,Wuerzburg,2132.5723
Schoenbornstraße_2025-10-30_18,Schoenbornstraße,2025-10-30,18,9.99,rain,no_incident,Thursday,measured,Wuerzburg,1449.3939
Schoenbornstraße_2025-10-30_19,Schoenbornstraße,2025-10-30,19,9.99,rain,no_incident,Thursday,measured,Wuerzburg,998.32043
Schoenbornstraße_2025-10-30_20,Schoenbornstraße,2025-10-30,20,9.99,rain,no_incident,Thursday,measured,Wuerzburg,454.59482
Schoenbornstraße_2025-10-30_21,Schoenbornstraße,2025-10-30,21,9.99,rain,no_incident,Thursday,measured,Wuerzburg,296.9742
Schoenbornstraße_2025-10-30_22,Schoenbornstraße,2025-10-30,22,9.99,rain,no_incident,Thursday,measured,Wuerzburg,208.80359
Schoenbornstraße_2025-10-30_23,Schoenbornstraße,2025-10-30,23,9.99,rain,no_incident,Thursday,measured,Wuerzburg,142.02644
Schoenbornstraße_2025-10-31_0,Schoenbornstraße,2025-10-31,0,9.99,rain,no_incident,Friday,measured,Wuerzburg,71.40019
Schoenbornstraße_2025-10-31_1,Schoenbornstraße,2025-10-31,1,9.99,rain,no_incident,Friday,measured,Wuerzburg,40.76586
Schoenbornstraße_2025-10-31_2,Schoenbornstraße,2025-10-31,2,9.99,rain,no_incident,Friday,measured,Wuerzburg,34.624184
Schoenbornstraße_2025-10-31_3,Schoenbornstraße,2025-10-31,3,9.99,rain,no_incident,Friday,measured,Wuerzburg,33.89808
Schoenbornstraße_2025-10-31_4,Schoenbornstraße,2025-10-31,4,9.99,rain,no_incident,Friday,measured,Wuerzburg,33.89808
Schoenbornstraße_2025-10-31_5,Schoenbornstraße,2025-10-31,5,9.99,rain,no_incident,Friday,measured,Wuerzburg,43.931423
Schoenbornstraße_2025-10-31_6,Schoenbornstraße,2025-10-31,6,9.99,rain,no_incident,Friday,measured,Wuerzburg,101.57578
Schoenbornstraße_2025-10-31_7,Schoenbornstraße,2025-10-31,7,9.99,rain,no_incident,Friday,measured,Wuerzburg,299.39862
Schoenbornstraße_2025-10-31_8,Schoenbornstraße,2025-10-31,8,9.99,rain,no_incident,Friday,measured,Wuerzburg,472.52618
Schoenbornstraße_2025-10-31_9,Schoenbornstraße,2025-10-31,9,9.99,rain,no_incident,Friday,measured,Wuerzburg,868.2198
Schoenbornstraße_2025-10-31_10,Schoenbornstraße,2025-10-31,10,9.99,rain,no_incident,Friday,measured,Wuerzburg,1624.3829
Schoenbornstraße_2025-10-31_11,Schoenbornstraße,2025-10-31,11,9.99,rain,no_incident,Friday,measured,Wuerzburg,2003.7704
Schoenbornstraße_2025-10-31_12,Schoenbornstraße,2025-10-31,12,9.99,rain,no_incident,Friday,measured,Wuerzburg,2374.097
Schoenbornstraße_2025-10-31_13,Schoenbornstraße,2025-10-31,13,9.99,rain,no_incident,Friday,measured,Wuerzburg,2552.0383
Schoenbornstraße_2025-10-31_14,Schoenbornstraße,2025-10-31,14,9.99,rain,no_incident,Friday,measured,Wuerzburg,2498.201
Schoenbornstraße_2025-10-31_15,Schoenbornstraße,2025-10-31,15,9.99,rain,no_incident,Friday,measured,Wuerzburg,2637.9314
Schoenbornstraße_2025-10-31_16,Schoenbornstraße,2025-10-31,16,9.99,rain,no_incident,Friday,measured,Wuerzburg,2679.1125
Schoenbornstraße_2025-10-31_17,Schoenbornstraße,2025-10-31,17,9.99,rain,no_incident,Friday,measured,Wuerzburg,2446.7693
Schoenbornstraße_2025-10-31_18,Schoenbornstraße,2025-10-31,18,9.99,rain,no_incident,Friday,measured,Wuerzburg,1849.2435
Schoenbornstraße_2025-10-31_19,Schoenbornstraße,2025-10-31,19,9.99,rain,no_incident,Friday,measured,Wuerzburg,1373.1859
Schoenbornstraße_2025-10-31_20,Schoenbornstraße,2025-10-31,20,9.99,rain,no_incident,Friday,measured,Wuerzburg,643.0173
Schoenbornstraße_2025-10-31_21,Schoenbornstraße,2025-10-31,21,9.99,rain,no_incident,Friday,measured,Wuerzburg,492.62946
Schoenbornstraße_2025-10-31_22,Schoenbornstraße,2025-10-31,22,9.99,rain,no_incident,Friday,measured,Wuerzburg,419.93863
Schoenbornstraße_2025-10-31_23,Schoenbornstraße,2025-10-31,23,9.99,rain,no_incident,Friday,measured,Wuerzburg,293.83908
Schoenbornstraße_2025-11-01_0,Schoenbornstraße,2025-11-01,0,9.99,rain,no_incident,Saturday,measured,Wuerzburg,173.0705
Schoenbornstraße_2025-11-01_1,Schoenbornstraße,2025-11-01,1,9.99,rain,no_incident,Saturday,measured,Wuerzburg,104.95742
Schoenbornstraße_2025-11-01_2,Schoenbornstraße,2025-11-01,2,9.99,rain,no_incident,Saturday,measured,Wuerzburg,70.536705
Schoenbornstraße_2025-11-01_3,Schoenbornstraße,2025-11-01,3,9.99,rain,no_incident,Saturday,measured,Wuerzburg,51.944893
Schoenbornstraße_2025-11-01_4,Schoenbornstraße,2025-11-01,4,9.99,rain,no_incident,Saturday,measured,Wuerzburg,44.198086
Schoenbornstraße_2025-11-01_5,Schoenbornstraße,2025-11-01,5,9.99,rain,no_incident,Saturday,measured,Wuerzburg,30.455177
Schoenbornstraße_2025-11-01_6,Schoenbornstraße,2025-11-01,6,9.99,rain,no_incident,Saturday,measured,Wuerzburg,13.664366
Schoenbornstraße_2025-11-01_7,Schoenbornstraße,2025-11-01,7,9.99,rain,no_incident,Saturday,measured,Wuerzburg,38.47145
Schoenbornstraße_2025-11-01_8,Schoenbornstraße,2025-11-01,8,9.99,rain,no_incident,Saturday,measured,Wuerzburg,117.357414
Schoenbornstraße_2025-11-01_9,Schoenbornstraße,2025-11-01,9,9.99,rain,no_incident,Saturday,measured,Wuerzburg,277.19736
Schoenbornstraße_2025-11-01_10,Schoenbornstraße,2025-11-01,10,9.99,rain,no_incident,Saturday,measured,Wuerzburg,318.91696
Schoenbornstraße_2025-11-01_11,Schoenbornstraße,2025-11-01,11,9.99,rain,no_incident,Saturday,measured,Wuerzburg,757.1419
Schoenbornstraße_2025-11-01_12,Schoenbornstraße,2025-11-01,12,9.99,rain,no_incident,Saturday,measured,Wuerzburg,1043.7858
Schoenbornstraße_2025-11-01_13,Schoenbornstraße,2025-11-01,13,9.99,rain,no_incident,Saturday,measured,Wuerzburg,1325.6598
Schoenbornstraße_2025-11-01_14,Schoenbornstraße,2025-11-01,14,9.99,rain,no_incident,Saturday,measured,Wuerzburg,1550.9216
Schoenbornstraße_2025-11-01_15,Schoenbornstraße,2025-11-01,15,9.99,rain,no_incident,Saturday,measured,Wuerzburg,1754.6661
Schoenbornstraße_2025-11-01_16,Schoenbornstraße,2025-11-01,16,9.99,rain,no_incident,Saturday,measured,Wuerzburg,1742.1488
Spiegelstraße_2025-10-24_17,Spiegelstraße,2025-10-24,17,9.99,rain,no_incident,Friday,measured,Wuerzburg,1386.2584
Spiegelstraße_2025-10-24_18,Spiegelstraße,2025-10-24,18,9.99,rain,no_incident,Friday,measured,Wuerzburg,981.84985
Spiegelstraße_2025-10-24_19,Spiegelstraße,2025-10-24,19,9.99,rain,no_incident,Friday,measured,Wuerzburg,858.6617
Spiegelstraße_2025-10-24_20,Spiegelstraße,2025-10-24,20,9.63,cloudy,no_incident,Friday,measured,Wuerzburg,577.89984
Spiegelstraße_2025-10-24_21,Spiegelstraße,2025-10-24,21,9.63,cloudy,no_incident,Friday,measured,Wuerzburg,459.392
Spiegelstraße_2025-10-24_22,Spiegelstraße,2025-10-24,22,9.63,cloudy,no_incident,Friday,measured,Wuerzburg,391.12036
Spiegelstraße_2025-10-24_23,Spiegelstraße,2025-10-24,23,8.7,cloudy,no_incident,Friday,measured,Wuerzburg,272.35452
Spiegelstraße_2025-10-25_0,Spiegelstraße,2025-10-25,0,8.7,cloudy,no_incident,Saturday,measured,Wuerzburg,152.9668
Spiegelstraße_2025-10-25_1,Spiegelstraße,2025-10-25,1,8.7,cloudy,no_incident,Saturday,measured,Wuerzburg,79.69596
Spiegelstraße_2025-10-25_2,Spiegelstraße,2025-10-25,2,8.68,cloudy,no_incident,Saturday,measured,Wuerzburg,56.506462
Spiegelstraße_2025-10-25_3,Spiegelstraße,2025-10-25,3,8.68,cloudy,no_incident,Saturday,measured,Wuerzburg,44.78463
Spiegelstraße_2025-10-25_4,Spiegelstraße,2025-10-25,4,8.68,cloudy,no_incident,Saturday,measured,Wuerzburg,45.758
Spiegelstraße_2025-10-25_5,Spiegelstraße,2025-10-25,5,9.05,rain,no_incident,Saturday,measured,Wuerzburg,35.726643
Spiegelstraße_2025-10-25_6,Spiegelstraße,2025-10-25,6,9.05,rain,no_incident,Saturday,measured,Wuerzburg,52.1123
Spiegelstraße_2025-10-25_7,Spiegelstraße,2025-10-25,7,9.05,rain,no_incident,Saturday,measured,Wuerzburg,99.08388
Spiegelstraße_2025-10-25_8,Spiegelstraße,2025-10-25,8,8.66,rain,no_incident,Saturday,measured,Wuerzburg,251.41672
Spiegelstraße_2025-10-25_9,Spiegelstraße,2025-10-25,9,8.66,rain,no_incident,Saturday,measured,Wuerzburg,519.53595
Spiegelstraße_2025-10-25_10,Spiegelstraße,2025-10-25,10,8.66,rain,no_incident,Saturday,measured,Wuerzburg,749.55865
Spiegelstraße_2025-10-25_11,Spiegelstraße,2025-10-25,11,9.69,rain,no_incident,Saturday,measured,Wuerzburg,1169.8325
Spiegelstraße_2025-10-25_12,Spiegelstraße,2025-10-25,12,9.69,rain,no_incident,Saturday,measured,Wuerzburg,1523.2444
Spiegelstraße_2025-10-25_13,Spiegelstraße,2025-10-25,13,9.69,rain,no_incident,Saturday,measured,Wuerzburg,1688.0854
Spiegelstraße_2025-10-25_14,Spiegelstraße,2025-10-25,14,11.47,rain,no_incident,Saturday,measured,Wuerzburg,1851.5172
Spiegelstraße_2025-10-25_15,Spiegelstraße,2025-10-25,15,11.47,rain,no_incident,Saturday,measured,Wuerzburg,1883.6088
Spiegelstraße_2025-10-25_16,Spiegelstraße,2025-10-25,16,11.47,rain,no_incident,Saturday,measured,Wuerzburg,1839.7133
Spiegelstraße_2025-10-25_17,Spiegelstraße,2025-10-25,17,10.52,rain,no_incident,Saturday,measured,Wuerzburg,1591.5139
Spiegelstraße_2025-10-25_18,Spiegelstraße,2025-10-25,18,10.52,rain,no_incident,Saturday,measured,Wuerzburg,1127.9519
Spiegelstraße_2025-10-25_19,Spiegelstraße,2025-10-25,19,10.52,rain,no_incident,Saturday,measured,Wuerzburg,737.2678
Spiegelstraße_2025-10-25_20,Spiegelstraße,2025-10-25,20,9.63,rain,no_incident,Saturday,measured,Wuerzburg,560.61444
Spiegelstraße_2025-10-25_21,Spiegelstraße,2025-10-25,21,9.63,rain,no_incident,Saturday,measured,Wuerzburg,399.32474
Spiegelstraße_2025-10-25_22,Spiegelstraße,2025-10-25,22,9.63,rain,no_incident,Saturday,measured,Wuerzburg,332.82556
Spiegelstraße_2025-10-25_23,Spiegelstraße,2025-10-25,23,8.77,rain,no_incident,Saturday,measured,Wuerzburg,189.58307
Spiegelstraße_2025-10-26_0,Spiegelstraße,2025-10-26,0,8.77,rain,no_incident,Sunday,measured,Wuerzburg,138.38751
Spiegelstraße_2025-10-26_1,Spiegelstraße,2025-10-26,1,8.77,rain,no_incident,Sunday,measured,Wuerzburg,74.94667
Spiegelstraße_2025-10-26_2,Spiegelstraße,2025-10-26,2,7.3,rain,no_incident,Sunday,measured,Wuerzburg,44.954887
Spiegelstraße_2025-10-26_3,Spiegelstraße,2025-10-26,3,7.3,rain,no_incident,Sunday,measured,Wuerzburg,32.716698
Spiegelstraße_2025-10-26_4,Spiegelstraße,2025-10-26,4,7.26,rain,no_incident,Sunday,measured,Wuerzburg,37.230576
Spiegelstraße_2025-10-26_5,Spiegelstraße,2025-10-26,5,7.26,rain,no_incident,Sunday,measured,Wuerzburg,41.080032
Spiegelstraße_2025-10-26_6,Spiegelstraße,2025-10-26,6,7.26,rain,no_incident,Sunday,measured,Wuerzburg,41.135677
Spiegelstraße_2025-10-26_7,Spiegelstraße,2025-10-26,7,5.09,rain,no_incident,Sunday,measured,Wuerzburg,42.398895
Spiegelstraße_2025-10-26_8,Spiegelstraße,2025-10-26,8,5.09,rain,no_incident,Sunday,measured,Wuerzburg,79.329926
Spiegelstraße_2025-10-26_9,Spiegelstraße,2025-10-26,9,5.09,rain,no_incident,Sunday,measured,Wuerzburg,169.18356
Spiegelstraße_2025-10-26_10,Spiegelstraße,2025-10-26,10,5.79,cloudy,no_incident,Sunday,measured,Wuerzburg,269.55447
Spiegelstraße_2025-10-26_11,Spiegelstraße,2025-10-26,11,5.79,cloudy,no_incident,Sunday,measured,Wuerzburg,471.98218
Spiegelstraße_2025-10-26_12,Spiegelstraße,2025-10-26,12,5.79,cloudy,no_incident,Sunday,measured,Wuerzburg,520.337
Spiegelstraße_2025-10-26_13,Spiegelstraße,2025-10-26,13,6.44,rain,no_incident,Sunday,measured,Wuerzburg,578.6951
Spiegelstraße_2025-10-26_14,Spiegelstraße,2025-10-26,14,6.44,rain,no_incident,Sunday,measured,Wuerzburg,695.389
Spiegelstraße_2025-10-26_15,Spiegelstraße,2025-10-26,15,6.44,rain,no_incident,Sunday,measured,Wuerzburg,744.0872
Spiegelstraße_2025-10-26_16,Spiegelstraße,2025-10-26,16,6.36,cloudy,no_incident,Sunday,measured,Wuerzburg,861.1976
Spiegelstraße_2025-10-26_17,Spiegelstraße,2025-10-26,17,6.36,cloudy,no_incident,Sunday,measured,Wuerzburg,743.58276
Spiegelstraße_2025-10-26_18,Spiegelstraße,2025-10-26,18,6.36,cloudy,no_incident,Sunday,measured,Wuerzburg,524.72894
Spiegelstraße_2025-10-26_19,Spiegelstraße,2025-10-26,19,5.28,cloudy,no_incident,Sunday,measured,Wuerzburg,362.59875
Spiegelstraße_2025-10-26_20,Spiegelstraße,2025-10-26,20,5.28,cloudy,no_incident,Sunday,measured,Wuerzburg,343.15277
Spiegelstraße_2025-10-26_21,Spiegelstraße,2025-10-26,21,5.28,cloudy,no_incident,Sunday,measured,Wuerzburg,230.88173
Spiegelstraße_2025-10-26_22,Spiegelstraße,2025-10-26,22,4.96,cloudy,no_incident,Sunday,measured,Wuerzburg,172.77332
Spiegelstraße_2025-10-26_23,Spiegelstraße,2025-10-26,23,4.96,cloudy,no_incident,Sunday,measured,Wuerzburg,118.09394
Spiegelstraße_2025-10-27_0,Spiegelstraße,2025-10-27,0,4.96,cloudy,no_incident,Monday,measured,Wuerzburg,70.551865
Spiegelstraße_2025-10-27_1,Spiegelstraße,2025-10-27,1,4.78,cloudy,no_incident,Monday,measured,Wuerzburg,38.344715
Spiegelstraße_2025-10-27_2,Spiegelstraße,2025-10-27,2,4.78,cloudy,no_incident,Monday,measured,Wuerzburg,34.2444
Spiegelstraße_2025-10-27_3,Spiegelstraße,2025-10-27,3,4.78,cloudy,no_incident,Monday,measured,Wuerzburg,34.2444
Spiegelstraße_2025-10-27_4,Spiegelstraße,2025-10-27,4,4.54,rain,no_incident,Monday,measured,Wuerzburg,13.395619
Spiegelstraße_2025-10-27_5,Spiegelstraße,2025-10-27,5,4.54,rain,no_incident,Monday,measured,Wuerzburg,48.47984
Spiegelstraße_2025-10-27_6,Spiegelstraße,2025-10-27,6,4.54,rain,no_incident,Monday,measured,Wuerzburg,160.92044
Spiegelstraße_2025-10-27_7,Spiegelstraße,2025-10-27,7,6.16,rain,no_incident,Monday,measured,Wuerzburg,367.74823
Spiegelstraße_2025-10-27_8,Spiegelstraße,2025-10-27,8,6.16,rain,no_incident,Monday,measured,Wuerzburg,511.5228
Spiegelstraße_2025-10-27_9,Spiegelstraße,2025-10-27,9,6.16,rain,no_incident,Monday,measured,Wuerzburg,685.05133
Spiegelstraße_2025-10-27_10,Spiegelstraße,2025-10-27,10,8.02,rain,no_incident,Monday,measured,Wuerzburg,964.2188
Spiegelstraße_2025-10-27_11,Spiegelstraße,2025-10-27,11,8.02,rain,no_incident,Monday,measured,Wuerzburg,1145.4742
Spiegelstraße_2025-10-27_12,Spiegelstraße,2025-10-27,12,8.02,rain,no_incident,Monday,measured,Wuerzburg,1402.0881
Spiegelstraße_2025-10-27_13,Spiegelstraße,2025-10-27,13,8.96,rain,no_incident,Monday,measured,Wuerzburg,1441.5125
Spiegelstraße_2025-10-27_14,Spiegelstraße,2025-10-27,14,8.96,rain,no_incident,Monday,measured,Wuerzburg,1327.4641
Spiegelstraße_2025-10-27_15,Spiegelstraße,2025-10-27,15,8.96,rain,no_incident,Monday,measured,Wuerzburg,1352.8577
Spiegelstraße_2025-10-27_16,Spiegelstraße,2025-10-27,16,8.46,rain,no_incident,Monday,measured,Wuerzburg,1394.3306
Spiegelstraße_2025-10-27_17,Spiegelstraße,2025-10-27,17,8.46,rain,no_incident,Monday,measured,Wuerzburg,1276.2406
Spiegelstraße_2025-10-27_18,Spiegelstraße,2025-10-27,18,8.46,rain,no_incident,Monday,measured,Wuerzburg,764.31384
Spiegelstraße_2025-10-27_19,Spiegelstraße,2025-10-27,19,7.18,rain,no_incident,Monday,measured,Wuerzburg,641.8077
Spiegelstraße_2025-10-27_20,Spiegelstraße,2025-10-27,20,7.18,rain,no_incident,Monday,measured,Wuerzburg,340.10434
Spiegelstraße_2025-10-27_21,Spiegelstraße,2025-10-27,21,7.18,rain,no_incident,Monday,measured,Wuerzburg,201.30869
Spiegelstraße_2025-10-27_22,Spiegelstraße,2025-10-27,22,6.92,rain,no_incident,Monday,measured,Wuerzburg,117.62028
Spiegelstraße_2025-10-27_23,Spiegelstraße,2025-10-27,23,6.92,rain,no_incident,Monday,measured,Wuerzburg,64.97382
Spiegelstraße_2025-10-28_0,Spiegelstraße,2025-10-28,0,6.92,rain,no_incident,Tuesday,measured,Wuerzburg,40.62441
Spiegelstraße_2025-10-28_1,Spiegelstraße,2025-10-28,1,6.74,rain,no_incident,Tuesday,measured,Wuerzburg,18.819357
Spiegelstraße_2025-10-28_2,Spiegelstraße,2025-10-28,2,6.74,rain,no_incident,Tuesday,measured,Wuerzburg,12.879721
Spiegelstraße_2025-10-28_3,Spiegelstraße,2025-10-28,3,6.74,rain,no_incident,Tuesday,measured,Wuerzburg,12.879721
Spiegelstraße_2025-10-28_4,Spiegelstraße,2025-10-28,4,6.31,rain,no_incident,Tuesday,measured,Wuerzburg,15.857823
Spiegelstraße_2025-10-28_5,Spiegelstraße,2025-10-28,5,6.31,rain,no_incident,Tuesday,measured,Wuerzburg,50.8409
Spiegelstraße_2025-10-28_6,Spiegelstraße,2025-10-28,6,6.31,rain,no_incident,Tuesday,measured,Wuerzburg,164.20464
Spiegelstraße_2025-10-28_7,Spiegelstraße,2025-10-28,7,5.69,rain,no_incident,Tuesday,measured,Wuerzburg,365.4167
Spiegelstraße_2025-10-28_8,Spiegelstraße,2025-10-28,8,5.69,rain,no_incident,Tuesday,measured,Wuerzburg,498.6828
Spiegelstraße_2025-10-28_9,Spiegelstraße,2025-10-28,9,5.69,rain,no_incident,Tuesday,measured,Wuerzburg,664.21106
Spiegelstraße_2025-10-28_10,Spiegelstraße,2025-10-28,10,6.88,cloudy,no_incident,Tuesday,measured,Wuerzburg,1016.57263
Spiegelstraße_2025-10-28_11,Spiegelstraße,2025-10-28,11,6.88,cloudy,no_incident,Tuesday,measured,Wuerzburg,1170.3859
Spiegelstraße_2025-10-28_12,Spiegelstraße,2025-10-28,12,6.88,cloudy,no_incident,Tuesday,measured,Wuerzburg,1442.9875
Spiegelstraße_2025-10-28_13,Spiegelstraße,2025-10-28,13,9.17,cloudy,no_incident,Tuesday,measured,Wuerzburg,1506.6477
Spiegelstraße_2025-10-28_14,Spiegelstraße,2025-10-28,14,9.17,cloudy,no_incident,Tuesday,measured,Wuerzburg,1368.6589
Spiegelstraße_2025-10-28_15,Spiegelstraße,2025-10-28,15,9.17,cloudy,no_incident,Tuesday,measured,Wuerzburg,1378.3942
Spiegelstraße_2025-10-28_16,Spiegelstraße,2025-10-28,16,8.36,cloudy,no_incident,Tuesday,measured,Wuerzburg,1437.031
Spiegelstraße_2025-10-28_17,Spiegelstraße,2025-10-28,17,8.36,cloudy,no_incident,Tuesday,measured,Wuerzburg,1314.9835
Spiegelstraße_2025-10-28_18,Spiegelstraße,2025-10-28,18,8.36,cloudy,no_incident,Tuesday,measured,Wuerzburg,912.0445
Spiegelstraße_2025-10-28_19,Spiegelstraße,2025-10-28,19,6.39,cloudy,no_incident,Tuesday,measured,Wuerzburg,725.4834
Spiegelstraße_2025-10-28_20,Spiegelstraße,2025-10-28,20,6.39,cloudy,no_incident,Tuesday,measured,Wuerzburg,414.40466
Spiegelstraße_2025-10-28_21,Spiegelstraße,2025-10-28,21,6.39,cloudy,no_incident,Tuesday,measured,Wuerzburg,265.94705
Spiegelstraße_2025-10-28_22,Spiegelstraße,2025-10-28,22,8.4,cloudy,no_incident,Tuesday,measured,Wuerzburg,164.16293
Spiegelstraße_2025-10-28_23,Spiegelstraße,2025-10-28,23,8.4,cloudy,no_incident,Tuesday,measured,Wuerzburg,109.351555
Spiegelstraße_2025-10-29_0,Spiegelstraße,2025-10-29,0,8.4,cloudy,no_incident,Wednesday,measured,Wuerzburg,68.02282
Spiegelstraße_2025-10-29_1,Spiegelstraße,2025-10-29,1,9.25,rain,no_incident,Wednesday,measured,Wuerzburg,20.875004
Spiegelstraße_2025-10-29_2,Spiegelstraße,2025-10-29,2,9.25,rain,no_incident,Wednesday,measured,Wuerzburg,15.400177
Spiegelstraße_2025-10-29_3,Spiegelstraße,2025-10-29,3,9.25,rain,no_incident,Wednesday,measured,Wuerzburg,15.400177
Spiegelstraße_2025-10-29_4,Spiegelstraße,2025-10-29,4,9.22,cloudy,no_incident,Wednesday,measured,Wuerzburg,42.784885
Spiegelstraße_2025-10-29_5,Spiegelstraße,2025-10-29,5,9.22,cloudy,no_incident,Wednesday,measured,Wuerzburg,75.57426
Spiegelstraße_2025-10-29_6,Spiegelstraße,2025-10-29,6,9.22,cloudy,no_incident,Wednesday,measured,Wuerzburg,191.4741
Spiegelstraße_2025-10-29_7,Spiegelstraße,2025-10-29,7,8.65,cloudy,no_incident,Wednesday,measured,Wuerzburg,404.72757
Spiegelstraße_2025-10-29_8,Spiegelstraße,2025-10-29,8,8.65,cloudy,no_incident,Wednesday,measured,Wuerzburg,542.1399
Spiegelstraße_2025-10-29_9,Spiegelstraße,2025-10-29,9,8.65,cloudy,no_incident,Wednesday,measured,Wuerzburg,689.347
Spiegelstraße_2025-10-29_10,Spiegelstraße,2025-10-29,10,10.76,cloudy,no_incident,Wednesday,measured,Wuerzburg,1010.297
Spiegelstraße_2025-10-29_11,Spiegelstraße,2025-10-29,11,10.76,cloudy,no_incident,Wednesday,measured,Wuerzburg,1187.1632
Spiegelstraße_2025-10-29_12,Spiegelstraße,2025-10-29,12,10.76,cloudy,no_incident,Wednesday,measured,Wuerzburg,1469.1816
Spiegelstraße_2025-10-29_13,Spiegelstraße,2025-10-29,13,13.12,cloudy,no_incident,Wednesday,measured,Wuerzburg,1513.2084
Spiegelstraße_2025-10-29_14,Spiegelstraße,2025-10-29,14,13.12,cloudy,no_incident,Wednesday,measured,Wuerzburg,1357.7283
Spiegelstraße_2025-10-29_15,Spiegelstraße,2025-10-29,15,13.12,cloudy,no_incident,Wednesday,measured,Wuerzburg,1386.953
Spiegelstraße_2025-10-29_16,Spiegelstraße,2025-10-29,16,9.99,rain,no_incident,Wednesday,measured,Wuerzburg,1393.6498
Spiegelstraße_2025-10-29_17,Spiegelstraße,2025-10-29,17,9.99,rain,no_incident,Wednesday,measured,Wuerzburg,1274.0875
Spiegelstraße_2025-10-29_18,Spiegelstraße,2025-10-29,18,9.99,rain,no_incident,Wednesday,measured,Wuerzburg,803.3219
Spiegelstraße_2025-10-29_19,Spiegelstraße,2025-10-29,19,9.99,rain,no_incident,Wednesday,measured,Wuerzburg,606.29663
Spiegelstraße_2025-10-29_20,Spiegelstraße,2025-10-29,20,9.99,rain,no_incident,Wednesday,measured,Wuerzburg,360.47705
Spiegelstraße_2025-10-29_21,Spiegelstraße,2025-10-29,21,9.99,rain,no_incident,Wednesday,measured,Wuerzburg,215.68048
Spiegelstraße_2025-10-29_22,Spiegelstraße,2025-10-29,22,9.99,rain,no_incident,Wednesday,measured,Wuerzburg,133.65187
Spiegelstraße_2025-10-29_23,Spiegelstraße,2025-10-29,23,9.99,rain,no_incident,Wednesday,measured,Wuerzburg,72.804085
Spiegelstraße_2025-10-30_0,Spiegelstraße,2025-10-30,0,9.99,rain,no_incident,Thursday,measured,Wuerzburg,44.61716
Spiegelstraße_2025-10-30_1,Spiegelstraße,2025-10-30,1,9.99,rain,no_incident,Thursday,measured,Wuerzburg,21.130348
Spiegelstraße_2025-10-30_2,Spiegelstraße,2025-10-30,2,9.99,rain,no_incident,Thursday,measured,Wuerzburg,15.655524
Spiegelstraße_2025-10-30_3,Spiegelstraße,2025-10-30,3,9.99,rain,no_incident,Thursday,measured,Wuerzburg,15.655524
Spiegelstraße_2025-10-30_4,Spiegelstraße,2025-10-30,4,9.99,rain,no_incident,Thursday,measured,Wuerzburg,18.633633
Spiegelstraße_2025-10-30_5,Spiegelstraße,2025-10-30,5,9.99,rain,no_incident,Thursday,measured,Wuerzburg,52.672016
Spiegelstraße_2025-10-30_6,Spiegelstraße,2025-10-30,6,9.99,rain,no_incident,Thursday,measured,Wuerzburg,164.79735
Spiegelstraße_2025-10-30_7,Spiegelstraße,2025-10-30,7,9.99,rain,no_incident,Thursday,measured,Wuerzburg,357.91138
Spiegelstraße_2025-10-30_8,Spiegelstraße,2025-10-30,8,9.99,rain,no_incident,Thursday,measured,Wuerzburg,498.8576
Spiegelstraße_2025-10-30_9,Spiegelstraße,2025-10-30,9,9.99,rain,no_incident,Thursday,measured,Wuerzburg,653.5902
Spiegelstraße_2025-10-30_10,Spiegelstraße,2025-10-30,10,9.99,rain,no_incident,Thursday,measured,Wuerzburg,926.2469
Spiegelstraße_2025-10-30_11,Spiegelstraße,2025-10-30,11,9.99,rain,no_incident,Thursday,measured,Wuerzburg,1135.9812
Spiegelstraße_2025-10-30_12,Spiegelstraße,2025-10-30,12,9.99,rain,no_incident,Thursday,measured,Wuerzburg,1412.7186
Spiegelstraße_2025-10-30_13,Spiegelstraße,2025-10-30,13,9.99,rain,no_incident,Thursday,measured,Wuerzburg,1453.3636
Spiegelstraße_2025-10-30_14,Spiegelstraße,2025-10-30,14,9.99,rain,no_incident,Thursday,measured,Wuerzburg,1311.2686
Spiegelstraße_2025-10-30_15,Spiegelstraße,2025-10-30,15,9.99,rain,no_incident,Thursday,measured,Wuerzburg,1361.7095
Spiegelstraße_2025-10-30_16,Spiegelstraße,2025-10-30,16,9.99,rain,no_incident,Thursday,measured,Wuerzburg,1397.2365
Spiegelstraße_2025-10-30_17,Spiegelstraße,2025-10-30,17,9.99,rain,no_incident,Thursday,measured,Wuerzburg,1287.1494
Spiegelstraße_2025-10-30_18,Spiegelstraße,2025-10-30,18,9.99,rain,no_incident,Thursday,measured,Wuerzburg,808.1359
Spiegelstraße_2025-10-30_19,Spiegelstraße,2025-10-30,19,9.99,rain,no_incident,Thursday,measured,Wuerzburg,606.4754
Spiegelstraße_2025-10-30_20,Spiegelstraße,2025-10-30,20,9.99,rain,no_incident,Thursday,measured,Wuerzburg,363.589
Spiegelstraße_2025-10-30_21,Spiegelstraße,2025-10-30,21,9.99,rain,no_incident,Thursday,measured,Wuerzburg,220.37775
Spiegelstraße_2025-10-30_22,Spiegelstraße,2025-10-30,22,9.99,rain,no_incident,Thursday,measured,Wuerzburg,141.58151
Spiegelstraße_2025-10-30_23,Spiegelstraße,2025-10-30,23,9.99,rain,no_incident,Thursday,measured,Wuerzburg,79.96541
Spiegelstraße_2025-10-31_0,Spiegelstraße,2025-10-31,0,9.99,rain,no_incident,Friday,measured,Wuerzburg,55.310387
Spiegelstraße_2025-10-31_1,Spiegelstraße,2025-10-31,1,9.99,rain,no_incident,Friday,measured,Wuerzburg,27.86514
Spiegelstraße_2025-10-31_2,Spiegelstraße,2025-10-31,2,9.99,rain,no_incident,Friday,measured,Wuerzburg,23.178118
Spiegelstraße_2025-10-31_3,Spiegelstraße,2025-10-31,3,9.99,rain,no_incident,Friday,measured,Wuerzburg,22.45201
Spiegelstraße_2025-10-31_4,Spiegelstraße,2025-10-31,4,9.99,rain,no_incident,Friday,measured,Wuerzburg,25.516783
Spiegelstraße_2025-10-31_5,Spiegelstraße,2025-10-31,5,9.99,rain,no_incident,Friday,measured,Wuerzburg,56.05584
Spiegelstraße_2025-10-31_6,Spiegelstraße,2025-10-31,6,9.99,rain,no_incident,Friday,measured,Wuerzburg,161.89859
Spiegelstraße_2025-10-31_7,Spiegelstraße,2025-10-31,7,9.99,rain,no_incident,Friday,measured,Wuerzburg,362.19714
Spiegelstraße_2025-10-31_8,Spiegelstraße,2025-10-31,8,9.99,rain,no_incident,Friday,measured,Wuerzburg,506.73743
Spiegelstraße_2025-10-31_9,Spiegelstraße,2025-10-31,9,9.99,rain,no_incident,Friday,measured,Wuerzburg,674.90955
Spiegelstraße_2025-10-31_10,Spiegelstraße,2025-10-31,10,9.99,rain,no_incident,Friday,measured,Wuerzburg,975.0486
Spiegelstraße_2025-10-31_11,Spiegelstraße,2025-10-31,11,9.99,rain,no_incident,Friday,measured,Wuerzburg,1162.7498
Spiegelstraße_2025-10-31_12,Spiegelstraße,2025-10-31,12,9.99,rain,no_incident,Friday,measured,Wuerzburg,1418.3195
Spiegelstraße_2025-10-31_13,Spiegelstraße,2025-10-31,13,9.99,rain,no_incident,Friday,measured,Wuerzburg,1497.1642
Spiegelstraße_2025-10-31_14,Spiegelstraße,2025-10-31,14,9.99,rain,no_incident,Friday,measured,Wuerzburg,1409.2947
Spiegelstraße_2025-10-31_15,Spiegelstraße,2025-10-31,15,9.99,rain,no_incident,Friday,measured,Wuerzburg,1490.3544
Spiegelstraße_2025-10-31_16,Spiegelstraße,2025-10-31,16,9.99,rain,no_incident,Friday,measured,Wuerzburg,1509.1992
Spiegelstraße_2025-10-31_17,Spiegelstraße,2025-10-31,17,9.99,rain,no_incident,Friday,measured,Wuerzburg,1386.2584
Spiegelstraße_2025-10-31_18,Spiegelstraße,2025-10-31,18,9.99,rain,no_incident,Friday,measured,Wuerzburg,981.84985
Spiegelstraße_2025-10-31_19,Spiegelstraße,2025-10-31,19,9.99,rain,no_incident,Friday,measured,Wuerzburg,858.6617
Spiegelstraße_2025-10-31_20,Spiegelstraße,2025-10-31,20,9.99,rain,no_incident,Friday,measured,Wuerzburg,483.0886
Spiegelstraße_2025-10-31_21,Spiegelstraße,2025-10-31,21,9.99,rain,no_incident,Friday,measured,Wuerzburg,367.0808
Spiegelstraße_2025-10-31_22,Spiegelstraße,2025-10-31,22,9.99,rain,no_incident,Friday,measured,Wuerzburg,311.1268
Spiegelstraße_2025-10-31_23,Spiegelstraße,2025-10-31,23,9.99,rain,no_incident,Friday,measured,Wuerzburg,202.79523
Spiegelstraße_2025-11-01_0,Spiegelstraße,2025-11-01,0,9.99,rain,no_incident,Saturday,measured,Wuerzburg,130.82613
Spiegelstraße_2025-11-01_1,Spiegelstraße,2025-11-01,1,9.99,rain,no_incident,Saturday,measured,Wuerzburg,68.02128
Spiegelstraße_2025-11-01_2,Spiegelstraße,2025-11-01,2,9.99,rain,no_incident,Saturday,measured,Wuerzburg,44.439648
Spiegelstraße_2025-11-01_3,Spiegelstraße,2025-11-01,3,9.99,rain,no_incident,Saturday,measured,Wuerzburg,28.910341
Spiegelstraße_2025-11-01_4,Spiegelstraße,2025-11-01,4,9.99,rain,no_incident,Saturday,measured,Wuerzburg,25.882748
Spiegelstraße_2025-11-01_5,Spiegelstraße,2025-11-01,5,9.99,rain,no_incident,Saturday,measured,Wuerzburg,21.591742
Spiegelstraße_2025-11-01_6,Spiegelstraße,2025-11-01,6,9.99,rain,no_incident,Saturday,measured,Wuerzburg,23.109854
Spiegelstraße_2025-11-01_7,Spiegelstraße,2025-11-01,7,9.99,rain,no_incident,Saturday,measured,Wuerzburg,46.978718
Spiegelstraße_2025-11-01_8,Spiegelstraße,2025-11-01,8,9.99,rain,no_incident,Saturday,measured,Wuerzburg,117.4008
Spiegelstraße_2025-11-01_9,Spiegelstraße,2025-11-01,9,9.99,rain,no_incident,Saturday,measured,Wuerzburg,126.98015
Spiegelstraße_2025-11-01_10,Spiegelstraße,2025-11-01,10,9.99,rain,no_incident,Saturday,measured,Wuerzburg,-72.80301
Spiegelstraße_2025-11-01_11,Spiegelstraße,2025-11-01,11,9.99,rain,no_incident,Saturday,measured,Wuerzburg,-18.992764
Spiegelstraße_2025-11-01_12,Spiegelstraße,2025-11-01,12,9.99,rain,no_incident,Saturday,measured,Wuerzburg,-222.94171
Spiegelstraße_2025-11-01_13,Spiegelstraße,2025-11-01,13,9.99,rain,no_incident,Saturday,measured,Wuerzburg,-105.32707
Spiegelstraße_2025-11-01_14,Spiegelstraße,2025-11-01,14,9.99,rain,no_incident,Saturday,measured,Wuerzburg,96.78361
Spiegelstraße_2025-11-01_15,Spiegelstraße,2025-11-01,15,9.99,rain,no_incident,Saturday,measured,Wuerzburg,225.63405
Spiegelstraße_2025-11-01_16,Spiegelstraße,2025-11-01,16,9.99,rain,no_incident,Saturday,measured,Wuerzburg,207.32988
